onset	duration	value	sample	trial_type	word	probe_type	response
40.814	0.0	162	40814	word	dialogue		
41.717	0.0	162	41717	word	phantom		
42.636	0.0	162	42636	word	observe		
43.572	0.0	162	43572	word	sect		
44.308	0.0	162	44308	word	fest		
45.093	0.0	162	45093	word	precinct		
45.979	0.0	162	45979	word	cycle		
46.682	0.0	162	46682	word	reside		
47.551	0.0	162	47551	word	wide		
48.136	0.0	162	48136	word	remedy		
48.905	0.0	162	48905	word	male		
49.574	0.0	162	49574	word	shear		
50.276	0.0	162	50276	word	equity		
51.011	0.0	162	51011	word	droop		
51.63	0.0	162	51630	word	trim		
52.315	0.0	162	52315	word	message		
53.067	0.0	162	53067	word	run		
53.686	0.0	162	53686	word	violin		
54.572	0.0	162	54572	word	staunch		
55.491	0.0	162	55491	word	organize		
56.578	0.0	167	56578	probe	probe_coordinate	yes	2
58.233	0.0	163	58233	word	commute		
58.935	0.0	162	58935	word	deny		
59.938	0.0	162	59938	word	bore		
60.573	0.0	162	60573	word	raw		
61.192	0.0	162	61192	word	ferocious		
62.111	0.0	162	62111	word	dictate		
62.78	0.0	162	62780	word	imitate		
63.432	0.0	162	63432	word	wander		
64.184	0.0	162	64184	word	lumbar		
65.087	0.0	162	65087	word	mug		
65.789	0.0	162	65789	word	easel		
66.491	0.0	162	66491	word	feud		
67.243	0.0	162	67243	word	ceiling		
68.079	0.0	162	68079	word	aroma		
68.882	0.0	162	68882	word	explode		
69.768	0.0	162	69768	word	challenge		
70.587	0.0	162	70587	word	jam		
71.322	0.0	162	71322	word	finger		
72.192	0.0	162	72192	word	report		
73.011	0.0	162	73011	word	foray		
73.796	0.0	166	73796	probe	probe_exterior	no	2
75.635	0.0	163	75635	word	stab		
76.404	0.0	162	76404	word	rate		
77.023	0.0	162	77023	word	convey		
77.792	0.0	162	77792	word	vile		
78.577	0.0	162	78577	word	node		
79.263	0.0	162	79263	word	beverage		
80.032	0.0	166	80032	probe	probe_conceive	no	1
81.286	0.0	163	81286	word	seem		
82.105	0.0	162	82105	word	knee		
82.673	0.0	162	82673	word	escort		
83.425	0.0	162	83425	word	expense		
84.311	0.0	162	84311	word	inflict		
85.314	0.0	162	85314	word	orchid		
86.033	0.0	162	86033	word	knife		
86.719	0.0	162	86719	word	tactic		
87.471	0.0	162	87471	word	spur		
88.24	0.0	162	88240	word	rapt		
88.909	0.0	162	88909	word	consolidate		
89.895	0.0	162	89895	word	rally		
90.63	0.0	166	90630	probe	probe_threat	no	1
91.817	0.0	163	91817	word	talent		
92.553	0.0	162	92553	word	torrent		
93.272	0.0	162	93272	word	bran		
94.074	0.0	162	94074	word	plot		
94.743	0.0	162	94743	word	punish		
95.445	0.0	162	95445	word	gurgle		
96.114	0.0	162	96114	word	somber		
96.916	0.0	162	96916	word	grammar		
97.635	0.0	162	97635	word	stash		
98.638	0.0	162	98638	word	peril		
99.256	0.0	162	99256	word	sigh		
100.092	0.0	162	100092	word	botch		
100.778	0.0	162	100778	word	electric		
101.73	0.0	162	101730	word	snip		
102.499	0.0	162	102499	word	initial		
103.168	0.0	162	103168	word	cylinder		
104.054	0.0	162	104054	word	troop		
104.706	0.0	162	104706	word	share		
105.408	0.0	162	105408	word	posture		
106.277	0.0	167	106277	probe	probe_position	yes	2
107.498	0.0	163	107498	word	fog		
108.3	0.0	162	108300	word	scene		
109.119	0.0	162	109119	word	pulp		
109.688	0.0	162	109688	word	connect		
110.34	0.0	162	110340	word	venture		
111.192	0.0	162	111192	word	salary		
112.045	0.0	162	112045	word	swim		
112.797	0.0	162	112797	word	carnival		
113.599	0.0	162	113599	word	fray		
114.285	0.0	162	114285	word	eliminate		
115.171	0.0	162	115171	word	develop		
115.957	0.0	162	115957	word	umpire		
116.726	0.0	162	116726	word	disrupt		
117.612	0.0	162	117612	word	rinse		
118.514	0.0	162	118514	word	predicament		
119.367	0.0	162	119367	word	scalpel		
120.169	0.0	162	120169	word	reduce		
120.972	0.0	162	120972	word	rocket		
121.724	0.0	162	121724	word	coarse		
122.426	0.0	167	122426	probe	probe_rough	yes	2
124.699	0.0	163	124699	word	severe		
125.468	0.0	162	125468	word	exam		
126.288	0.0	162	126288	word	dribble		
126.889	0.0	162	126889	word	gown		
127.675	0.0	162	127675	word	barren		
128.361	0.0	162	128361	word	stamp		
129.129	0.0	162	129129	word	crux		
129.815	0.0	162	129815	word	mile		
130.483	0.0	166	130483	probe	probe_rhinoceros	no	1
131.971	0.0	163	131971	word	stink		
132.79	0.0	162	132790	word	velocity		
133.727	0.0	162	133727	word	abroad		
134.663	0.0	162	134663	word	compete		
135.348	0.0	162	135348	word	else		
136.034	0.0	162	136034	word	adept		
136.836	0.0	162	136836	word	eager		
137.471	0.0	162	137471	word	relic		
138.09	0.0	162	138090	word	pinch		
138.809	0.0	162	138809	word	anvil		
139.611	0.0	162	139611	word	come		
140.28	0.0	162	140280	word	braid		
140.932	0.0	162	140932	word	concern		
141.767	0.0	162	141767	word	catch		
142.637	0.0	162	142637	word	vector		
143.422	0.0	162	143422	word	chime		
144.141	0.0	167	144141	probe	probe_bell	yes	2
145.261	0.0	163	145261	word	autumn		
146.097	0.0	162	146097	word	elevate		
146.849	0.0	162	146849	word	file		
147.535	0.0	162	147535	word	desk		
148.22	0.0	162	148220	word	glaze		
149.006	0.0	162	149006	word	conserve		
149.909	0.0	162	149909	word	five		
150.694	0.0	162	150694	word	posse		
151.413	0.0	162	151413	word	indict		
152.149	0.0	162	152149	word	shrewd		
152.918	0.0	162	152918	word	metal		
153.503	0.0	162	153503	word	care		
154.138	0.0	167	154138	probe	probe_aid	yes	2
155.225	0.0	163	155225	word	proxy		
156.044	0.0	166	156044	probe	probe_lug	no	1
157.364	0.0	163	157364	word	graduate		
158.184	0.0	162	158184	word	nominate		
159.053	0.0	162	159053	word	tame		
159.705	0.0	162	159705	word	census		
160.624	0.0	162	160624	word	baboon		
161.376	0.0	162	161376	word	analog		
162.212	0.0	162	162212	word	abstract		
163.115	0.0	162	163115	word	jubilee		
164.018	0.0	162	164018	word	hideous		
164.837	0.0	162	164837	word	oasis		
165.623	0.0	162	165623	word	settle		
166.341	0.0	162	166341	word	lilac		
167.177	0.0	167	167177	probe	probe_lavender	yes	2
168.197	0.0	163	168197	word	quote		
168.799	0.0	162	168799	word	parade		
169.484	0.0	162	169484	word	cower		
170.153	0.0	162	170153	word	cauldron		
170.955	0.0	162	170955	word	groove		
171.691	0.0	162	171691	word	brittle		
172.343	0.0	166	172343	probe	probe_ambient	no	1
173.362	0.0	163	173362	word	roster		
174.182	0.0	162	174182	word	vast		
175.218	0.0	162	175218	word	succulent		
176.104	0.0	162	176104	word	sprain		
176.923	0.0	162	176923	word	nickel		
177.542	0.0	162	177542	word	instinct		
178.545	0.0	162	178545	word	mundane		
179.397	0.0	162	179397	word	quartet		
180.166	0.0	162	180166	word	grew		
180.919	0.0	162	180919	word	athlete		
181.754	0.0	166	181754	probe	probe_hut	no	1
182.741	0.0	163	182741	word	trickle		
183.476	0.0	162	183476	word	lift		
184.212	0.0	162	184212	word	pulse		
184.997	0.0	162	184997	word	huddle		
185.666	0.0	162	185666	word	contain		
186.535	0.0	162	186535	word	orthodox		
187.505	0.0	162	187505	word	opportune		
188.558	0.0	166	188558	probe	probe_concoct	no	1
189.478	0.0	163	189478	word	stub		
190.247	0.0	162	190247	word	direct		
190.965	0.0	162	190965	word	chest		
191.768	0.0	162	191768	word	progress		
192.604	0.0	162	192604	word	serve		
193.506	0.0	162	193506	word	expect		
194.326	0.0	162	194326	word	mule		
195.128	0.0	162	195128	word	approximate		
196.031	0.0	162	196031	word	ordeal		
196.9	0.0	162	196900	word	surge		
197.786	0.0	162	197786	word	ambiguous		
198.705	0.0	162	198705	word	device		
199.491	0.0	162	199491	word	pledge		
200.126	0.0	162	200126	word	offer		
200.895	0.0	167	200895	probe	probe_volunteer	yes	2
202.149	0.0	163	202149	word	tail		
202.834	0.0	162	202834	word	nutrient		
203.654	0.0	162	203654	word	injury		
204.506	0.0	162	204506	word	bite		
205.125	0.0	162	205125	word	resplendent		
206.061	0.0	162	206061	word	leaf		
206.78	0.0	162	206780	word	grass		
207.565	0.0	162	207565	word	sloth		
208.384	0.0	166	208384	probe	probe_tardy	no	1
209.454	0.0	163	209454	word	domain		
210.307	0.0	162	210307	word	immense		
211.059	0.0	162	211059	word	hole		
211.862	0.0	162	211862	word	arrive		
212.781	0.0	162	212781	word	stubborn		
213.667	0.0	162	213667	word	sane		
214.386	0.0	162	214386	word	fail		
215.105	0.0	162	215105	word	sign		
215.924	0.0	162	215924	word	tire		
216.526	0.0	162	216526	word	mogul		
217.311	0.0	162	217311	word	construct		
218.164	0.0	167	218164	probe	probe_build	yes	2
219.434	0.0	163	219434	word	phosphorus		
220.605	0.0	162	220605	word	alarm		
221.374	0.0	162	221374	word	lease		
222.059	0.0	162	222059	word	slide		
222.945	0.0	162	222945	word	lavish		
223.747	0.0	162	223747	word	clock		
224.433	0.0	162	224433	word	rummage		
225.252	0.0	162	225252	word	occupy		
226.171	0.0	162	226171	word	dice		
226.907	0.0	162	226907	word	fast		
227.743	0.0	162	227743	word	plight		
228.411	0.0	162	228411	word	vanish		
229.247	0.0	162	229247	word	mayhem		
229.966	0.0	162	229966	word	shall		
230.802	0.0	162	230802	word	clean		
231.471	0.0	162	231471	word	crumb		
232.139	0.0	162	232139	word	neat		
232.908	0.0	162	232908	word	vow		
233.527	0.0	162	233527	word	stooge		
234.396	0.0	166	234396	probe	probe_gallery	no	1
235.499	0.0	163	235499	word	worship		
236.185	0.0	162	236185	word	shard		
236.92	0.0	162	236920	word	splice		
237.923	0.0	162	237923	word	prom		
238.592	0.0	162	238592	word	rang		
239.294	0.0	162	239294	word	carton		
240.03	0.0	162	240030	word	putt		
240.648	0.0	162	240648	word	merry		
241.4	0.0	162	241400	word	plethora		
242.22	0.0	162	242220	word	fill		
242.805	0.0	162	242805	word	petal		
243.423	0.0	162	243423	word	jaw		
244.109	0.0	162	244109	word	ignore		
244.827	0.0	162	244827	word	emphasis		
245.914	0.0	162	245914	word	wrist		
246.599	0.0	162	246599	word	mirth		
247.368	0.0	162	247368	word	maintain		
248.488	0.0	162	248488	word	bitter		
249.04	0.0	162	249040	word	chomp		
249.675	0.0	162	249675	word	clear		
250.394	0.0	167	250394	probe	probe_open	yes	2
251.765	0.0	163	251765	word	happy		
252.45	0.0	162	252450	word	fuel		
253.186	0.0	162	253186	word	kennel		
253.821	0.0	162	253821	word	raise		
254.557	0.0	162	254557	word	live		
255.342	0.0	167	255342	probe	probe_survive	yes	1
256.379	0.0	163	256379	word	dedicate		
257.064	0.0	162	257064	word	gargle		
257.783	0.0	162	257783	word	incumbent		
258.619	0.0	162	258619	word	valet		
259.321	0.0	166	259321	probe	probe_elegant	no	1
260.541	0.0	163	260541	word	radius		
261.31	0.0	162	261310	word	hid		
261.962	0.0	162	261962	word	ceremony		
262.882	0.0	162	262882	word	fax		
263.751	0.0	162	263751	word	grab		
264.353	0.0	162	264353	word	staff		
265.473	0.0	162	265473	word	please		
266.192	0.0	162	266192	word	mast		
267.044	0.0	162	267044	word	tar		
267.73	0.0	162	267730	word	bluff		
268.582	0.0	162	268582	word	fathom		
269.318	0.0	162	269318	word	incinerate		
270.237	0.0	162	270237	word	vigor		
271.04	0.0	162	271040	word	palate		
271.775	0.0	166	271775	probe	probe_accept	no	1
272.711	0.0	163	272711	word	burst		
273.447	0.0	162	273447	word	swear		
274.233	0.0	162	274233	word	binge		
274.901	0.0	162	274901	word	plant		
275.553	0.0	162	275553	word	induce		
276.539	0.0	162	276539	word	cardiac		
277.275	0.0	162	277275	word	inject		
278.094	0.0	162	278094	word	aspire		
279.014	0.0	162	279014	word	wrap		
279.649	0.0	162	279649	word	blitz		
280.334	0.0	162	280334	word	wary		
281.153	0.0	162	281153	word	fungus		
282.056	0.0	162	282056	word	rattle		
282.792	0.0	162	282792	word	charity		
283.51	0.0	167	283510	probe	probe_love	yes	1
284.597	0.0	163	284597	word	pry		
285.299	0.0	162	285299	word	admit		
286.118	0.0	162	286118	word	publish		
286.921	0.0	167	286921	probe	probe_print	yes	2
288.141	0.0	163	288141	word	crank		
288.81	0.0	167	288810	probe	probe_grouch	yes	2
290.114	0.0	163	290114	word	behave		
290.933	0.0	162	290933	word	want		
291.585	0.0	162	291585	word	marine		
292.354	0.0	162	292354	word	chameleon		
293.29	0.0	162	293290	word	shine		
294.092	0.0	162	294092	word	fable		
294.861	0.0	162	294861	word	mint		
295.463	0.0	166	295463	probe	probe_pursue	no	1
296.6	0.0	163	296600	word	pitch		
297.252	0.0	167	297252	probe	probe_throw	yes	2
298.171	0.0	163	298171	word	appeal		
298.923	0.0	162	298923	word	abstain		
299.86	0.0	162	299860	word	pact		
300.461	0.0	162	300461	word	aloof		
301.23	0.0	162	301230	word	introduce		
302.284	0.0	162	302284	word	self		
303.069	0.0	162	303069	word	helium		
303.888	0.0	162	303888	word	microbe		
304.641	0.0	162	304641	word	thrust		
305.593	0.0	166	305593	probe	probe_sad	no	1
306.596	0.0	163	306596	word	eight		
307.182	0.0	162	307182	word	font		
307.984	0.0	162	307984	word	custody		
308.786	0.0	162	308786	word	supply		
309.739	0.0	162	309739	word	ten		
310.458	0.0	162	310458	word	bark		
311.077	0.0	162	311077	word	pamper		
311.879	0.0	166	311879	probe	probe_cyst	no	1
312.949	0.0	163	312949	word	diligent		
313.751	0.0	162	313751	word	bounty		
314.654	0.0	162	314654	word	optimum		
315.406	0.0	162	315406	word	pile		
316.092	0.0	162	316092	word	pale		
316.777	0.0	162	316777	word	operate		
317.58	0.0	162	317580	word	chart		
318.248	0.0	162	318248	word	paste		
319.084	0.0	162	319084	word	summer		
319.803	0.0	162	319803	word	juncture		
320.589	0.0	162	320589	word	waltz		
321.441	0.0	162	321441	word	detain		
322.277	0.0	162	322277	word	door		
322.912	0.0	162	322912	word	blatant		
323.765	0.0	166	323765	probe	probe_worry	no	1
324.734	0.0	163	324734	word	rage		
325.436	0.0	162	325436	word	garage		
326.289	0.0	162	326289	word	pattern		
326.958	0.0	162	326958	word	bust		
327.676	0.0	167	327676	probe	probe_raid	yes	2
329.064	0.0	163	329064	word	quarantine		
330.151	0.0	162	330151	word	sleek		
330.936	0.0	162	330936	word	bruise		
331.672	0.0	162	331672	word	horror		
332.391	0.0	162	332391	word	fervor		
333.076	0.0	162	333076	word	wrath		
333.828	0.0	162	333828	word	confess		
334.748	0.0	162	334748	word	gorge		
335.5	0.0	162	335500	word	span		
336.386	0.0	162	336386	word	hence		
337.055	0.0	162	337055	word	average		
337.891	0.0	162	337891	word	mumble		
338.559	0.0	162	338559	word	meat		
339.228	0.0	162	339228	word	slight		
340.03	0.0	162	340030	word	absolve		
341.0	0.0	166	341000	probe	probe_varmint	no	1
341.919	0.0	163	341919	word	prod		
342.655	0.0	162	342655	word	bend		
343.324	0.0	162	343324	word	stroll		
344.176	0.0	162	344176	word	bid		
344.745	0.0	162	344745	word	turpentine		
345.731	0.0	162	345731	word	humid		
346.5	0.0	167	346500	probe	probe_weather	yes	2
347.687	0.0	163	347687	word	bleach		
348.406	0.0	162	348406	word	modern		
349.375	0.0	162	349375	word	four		
350.111	0.0	162	350111	word	veranda		
351.047	0.0	162	351047	word	firm		
351.849	0.0	162	351849	word	province		
352.685	0.0	162	352685	word	celery		
353.538	0.0	162	353538	word	paddle		
354.273	0.0	162	354273	word	drift		
354.975	0.0	162	354975	word	molecule		
355.845	0.0	162	355845	word	conjure		
356.68	0.0	167	356680	probe	probe_evoke	yes	1
357.968	0.0	163	357968	word	dimple		
358.787	0.0	162	358787	word	truck		
359.439	0.0	162	359439	word	vanilla		
360.208	0.0	162	360208	word	soft		
361.06	0.0	162	361060	word	measure		
361.863	0.0	162	361863	word	gossip		
362.582	0.0	162	362582	word	wrinkle		
363.384	0.0	162	363384	word	fraught		
364.069	0.0	162	364069	word	net		
364.838	0.0	162	364838	word	clever		
365.524	0.0	162	365524	word	risk		
366.192	0.0	162	366192	word	middle		
366.861	0.0	162	366861	word	ale		
367.58	0.0	162	367580	word	gust		
368.315	0.0	162	368315	word	tangle		
368.967	0.0	162	368967	word	rotate		
369.67	0.0	162	369670	word	giddy		
370.422	0.0	162	370422	word	garment		
371.207	0.0	167	371207	probe	probe_clothe	yes	2
372.11	0.0	163	372110	word	deity		
372.762	0.0	162	372762	word	level		
373.397	0.0	162	373397	word	hostile		
374.283	0.0	162	374283	word	terrain		
375.186	0.0	162	375186	word	yield		
375.922	0.0	162	375922	word	bare		
376.574	0.0	162	376574	word	exude		
377.343	0.0	162	377343	word	atom		
377.978	0.0	162	377978	word	crowd		
378.73	0.0	162	378730	word	fed		
379.449	0.0	162	379449	word	tradition		
380.235	0.0	162	380235	word	brave		
380.887	0.0	162	380887	word	shed		
381.639	0.0	162	381639	word	menu		
382.324	0.0	162	382324	word	bait		
382.943	0.0	162	382943	word	octave		
383.712	0.0	162	383712	word	trespass		
384.614	0.0	162	384614	word	forget		
385.266	0.0	162	385266	word	chore		
386.019	0.0	162	386019	word	latitude		
386.955	0.0	166	386955	probe	probe_debacle	no	1
387.975	0.0	163	387975	word	eminent		
388.727	0.0	167	388727	probe	probe_people	yes	1
390.449	0.0	163	390449	word	win		
391.134	0.0	162	391134	word	attack		
391.886	0.0	162	391886	word	pheasant		
392.705	0.0	162	392705	word	obvious		
393.708	0.0	162	393708	word	gone		
394.36	0.0	162	394360	word	imply		
395.28	0.0	162	395280	word	convince		
396.099	0.0	162	396099	word	heron		
396.718	0.0	162	396718	word	harp		
397.319	0.0	162	397319	word	shudder		
398.005	0.0	162	398005	word	staple		
398.79	0.0	162	398790	word	duet		
399.61	0.0	162	399610	word	fuse		
400.562	0.0	162	400562	word	congress		
401.365	0.0	162	401365	word	token		
402.067	0.0	162	402067	word	tease		
402.903	0.0	162	402903	word	length		
403.806	0.0	162	403806	word	spectacle		
404.825	0.0	162	404825	word	rest		
405.527	0.0	166	405527	probe	probe_aunt	no	1
406.848	0.0	163	406848	word	secret		
407.634	0.0	162	407634	word	flush		
408.353	0.0	162	408353	word	protect		
409.205	0.0	162	409205	word	iota		
410.074	0.0	162	410074	word	strain		
410.96	0.0	162	410960	word	taint		
411.646	0.0	162	411646	word	perk		
412.264	0.0	162	412264	word	inferior		
413.217	0.0	162	413217	word	jade		
413.936	0.0	162	413936	word	cadet		
414.655	0.0	162	414655	word	rain		
415.357	0.0	162	415357	word	wilt		
415.959	0.0	167	415959	probe	probe_limp	yes	1
417.112	0.0	163	417112	word	fringe		
418.065	0.0	162	418065	word	chic		
418.734	0.0	162	418734	word	defy		
419.636	0.0	162	419636	word	associate		
420.489	0.0	162	420489	word	satin		
421.325	0.0	162	421325	word	beep		
421.843	0.0	162	421843	word	conceal		
422.729	0.0	162	422729	word	crate		
423.431	0.0	162	423431	word	spigot		
424.284	0.0	162	424284	word	fissure		
425.019	0.0	162	425019	word	expire		
425.872	0.0	162	425872	word	afraid		
426.691	0.0	167	426691	probe	probe_fear	yes	2
427.627	0.0	163	427627	word	invite		
428.43	0.0	162	428430	word	decree		
429.316	0.0	162	429316	word	swing		
430.085	0.0	162	430085	word	gallon		
430.803	0.0	162	430803	word	poultry		
431.589	0.0	162	431589	word	brim		
432.391	0.0	162	432391	word	understand		
433.311	0.0	162	433311	word	inning		
434.063	0.0	166	434063	probe	probe_recess	no	1
435.15	0.0	163	435150	word	stuff		
435.969	0.0	162	435969	word	grape		
436.604	0.0	162	436604	word	soap		
437.289	0.0	167	437289	probe	probe_rub	yes	1
438.71	0.0	163	438710	word	ruin		
439.513	0.0	162	439513	word	chant		
440.282	0.0	162	440282	word	gloom		
440.951	0.0	162	440951	word	desert		
441.686	0.0	162	441686	word	grip		
442.338	0.0	162	442338	word	hunch		
443.074	0.0	162	443074	word	fig		
443.826	0.0	162	443826	word	soup		
444.628	0.0	162	444628	word	rubble		
445.347	0.0	162	445347	word	register		
446.233	0.0	162	446233	word	trap		
446.902	0.0	162	446902	word	gas		
447.587	0.0	166	447587	probe	probe_note	no	1
448.791	0.0	163	448791	word	spend		
449.744	0.0	162	449744	word	duration		
450.797	0.0	162	450797	word	quarry		
451.532	0.0	162	451532	word	femur		
452.234	0.0	162	452234	word	farce		
453.037	0.0	162	453037	word	exquisite		
453.773	0.0	162	453773	word	present		
454.508	0.0	162	454508	word	shift		
455.31	0.0	162	455310	word	temperature		
456.163	0.0	162	456163	word	segment		
456.932	0.0	162	456932	word	lesion		
457.718	0.0	162	457718	word	smooth		
458.62	0.0	162	458620	word	prune		
459.373	0.0	162	459373	word	null		
460.025	0.0	162	460025	word	haunt		
460.71	0.0	162	460710	word	hard		
461.446	0.0	162	461446	word	torment		
462.214	0.0	162	462214	word	substance		
463.167	0.0	162	463167	word	asphalt		
463.986	0.0	167	463986	probe	probe_pave	yes	1
464.939	0.0	163	464939	word	flurry		
465.742	0.0	162	465742	word	gentle		
466.527	0.0	162	466527	word	snarl		
467.363	0.0	162	467363	word	elastic		
468.199	0.0	162	468199	word	parent		
468.868	0.0	162	468868	word	sinus		
469.704	0.0	162	469704	word	grim		
470.339	0.0	162	470339	word	glue		
471.008	0.0	162	471008	word	choir		
471.793	0.0	166	471793	probe	probe_saloon	no	1
473.298	0.0	163	473298	word	umbrella		
474.117	0.0	162	474117	word	bias		
475.02	0.0	162	475020	word	premise		
475.739	0.0	162	475739	word	errand		
476.524	0.0	162	476524	word	scoff		
477.393	0.0	162	477393	word	tunic		
478.096	0.0	162	478096	word	tend		
478.731	0.0	162	478731	word	strict		
479.483	0.0	162	479483	word	fiction		
480.369	0.0	162	480369	word	crop		
481.071	0.0	162	481071	word	vet		
481.773	0.0	167	481773	probe	probe_farm	yes	1
483.211	0.0	163	483211	word	sausage		
484.03	0.0	162	484030	word	spurt		
484.749	0.0	162	484749	word	salad		
485.618	0.0	162	485618	word	lawn		
486.387	0.0	162	486387	word	interest		
487.139	0.0	162	487139	word	stress		
487.908	0.0	162	487908	word	rind		
488.51	0.0	162	488510	word	explicit		
489.513	0.0	162	489513	word	scare		
490.316	0.0	162	490316	word	plough		
490.968	0.0	162	490968	word	sling		
491.887	0.0	162	491887	word	shrimp		
492.589	0.0	162	492589	word	multiple		
493.458	0.0	162	493458	word	milk		
494.161	0.0	162	494161	word	melt		
494.863	0.0	166	494863	probe	probe_pedestal	no	1
496.284	0.0	163	496284	word	circle		
497.069	0.0	162	497069	word	vary		
497.788	0.0	162	497788	word	roar		
498.524	0.0	162	498524	word	flog		
499.41	0.0	162	499410	word	scrounge		
500.312	0.0	162	500312	word	incessant		
501.215	0.0	162	501215	word	owl		
501.85	0.0	162	501850	word	bolster		
502.703	0.0	162	502703	word	scale		
503.639	0.0	162	503639	word	harsh		
504.341	0.0	166	504341	probe	probe_dunce	no	1
506.397	0.0	163	506397	word	methane		
507.183	0.0	162	507183	word	relieve		
508.103	0.0	162	508103	word	achieve		
508.989	0.0	162	508989	word	rope		
509.674	0.0	162	509674	word	trough		
510.426	0.0	162	510426	word	gruff		
511.162	0.0	162	511162	word	pair		
511.83	0.0	162	511830	word	quarrel		
512.549	0.0	162	512549	word	whine		
513.318	0.0	162	513318	word	circus		
514.238	0.0	162	514238	word	advance		
515.14	0.0	162	515140	word	result		
515.993	0.0	162	515993	word	drug		
516.628	0.0	167	516628	probe	probe_medicine	yes	2
518.116	0.0	163	518116	word	sermon		
518.851	0.0	162	518851	word	cancel		
519.671	0.0	166	519671	probe	probe_grave	no	1
521.242	0.0	163	521242	word	pad		
521.911	0.0	162	521911	word	dish		
522.563	0.0	162	522563	word	essay		
523.214	0.0	167	523214	probe	probe_literary	yes	2
524.351	0.0	163	524351	word	expanse		
525.354	0.0	162	525354	word	seldom		
526.174	0.0	162	526174	word	slurp		
526.876	0.0	162	526876	word	drab		
527.594	0.0	162	527594	word	treason		
528.38	0.0	162	528380	word	purchase		
529.183	0.0	162	529183	word	learn		
529.868	0.0	162	529868	word	compound		
530.771	0.0	162	530771	word	avail		
531.54	0.0	166	531540	probe	probe_cause	no	2
532.76	0.0	163	532760	word	exceed		
533.546	0.0	162	533546	word	nephew		
534.331	0.0	162	534331	word	grail		
535.117	0.0	162	535117	word	snack		
535.936	0.0	162	535936	word	extinct		
536.722	0.0	162	536722	word	quick		
537.307	0.0	162	537307	word	awe		
537.959	0.0	162	537959	word	naked		
538.628	0.0	162	538628	word	batch		
539.263	0.0	162	539263	word	renaissance		
540.249	0.0	162	540249	word	poor		
541.001	0.0	162	541001	word	wedge		
541.754	0.0	162	541754	word	bovine		
542.539	0.0	162	542539	word	cushion		
543.241	0.0	166	543241	probe	probe_vague	no	1
544.462	0.0	163	544462	word	implement		
545.331	0.0	162	545331	word	role		
545.95	0.0	162	545950	word	mountain		
546.735	0.0	162	546735	word	ride		
547.488	0.0	162	547488	word	eclectic		
548.541	0.0	162	548541	word	interlude		
549.561	0.0	162	549561	word	barnacle		
550.329	0.0	162	550329	word	rigid		
551.015	0.0	162	551015	word	mesh		
551.717	0.0	162	551717	word	wax		
552.503	0.0	162	552503	word	match		
553.255	0.0	162	553255	word	wave		
554.024	0.0	162	554024	word	galore		
554.759	0.0	162	554759	word	fee		
555.361	0.0	162	555361	word	turmoil		
556.197	0.0	166	556197	probe	probe_chamber	no	1
557.133	0.0	163	557133	word	should		
557.835	0.0	162	557835	word	consensus		
558.855	0.0	162	558855	word	fuss		
559.641	0.0	162	559641	word	hash		
560.393	0.0	162	560393	word	blubber		
561.095	0.0	167	561095	probe	probe_fat	yes	2
562.132	0.0	163	562132	word	slit		
562.8	0.0	162	562800	word	pity		
563.419	0.0	162	563419	word	weary		
564.305	0.0	162	564305	word	slip		
564.99	0.0	162	564990	word	pedestrian		
565.876	0.0	162	565876	word	stomach		
566.679	0.0	162	566679	word	iodine		
567.598	0.0	162	567598	word	sullen		
568.35	0.0	162	568350	word	monarch		
569.119	0.0	162	569119	word	grate		
569.738	0.0	162	569738	word	industry		
570.507	0.0	162	570507	word	seek		
571.309	0.0	162	571309	word	tick		
571.945	0.0	162	571945	word	relax		
572.847	0.0	162	572847	word	frantic		
573.716	0.0	162	573716	word	locate		
574.469	0.0	162	574469	word	finale		
575.321	0.0	162	575321	word	rash		
576.057	0.0	167	576057	probe	probe_red	yes	2
577.394	0.0	163	577394	word	theory		
578.213	0.0	162	578213	word	caribou		
578.966	0.0	162	578966	word	fortuitous		
579.952	0.0	162	579952	word	vintage		
580.771	0.0	166	580771	probe	probe_stubble	no	1
581.774	0.0	163	581774	word	furtive		
582.543	0.0	162	582543	word	timid		
583.228	0.0	162	583228	word	roast		
583.997	0.0	162	583997	word	clone		
584.766	0.0	162	584766	word	suppress		
585.786	0.0	162	585786	word	myriad		
586.472	0.0	162	586472	word	condition		
587.374	0.0	162	587374	word	dingy		
588.11	0.0	162	588110	word	balcony		
588.946	0.0	162	588946	word	beta		
589.547	0.0	162	589547	word	altar		
590.3	0.0	162	590300	word	slogan		
591.152	0.0	162	591152	word	mist		
591.938	0.0	162	591938	word	aspirin		
592.69	0.0	162	592690	word	join		
593.359	0.0	162	593359	word	sly		
594.245	0.0	162	594245	word	rear		
595.014	0.0	162	595014	word	prerogative		
595.85	0.0	162	595850	word	paint		
596.485	0.0	162	596485	word	ran		
597.187	0.0	167	597187	probe	probe_away	yes	2
598.424	0.0	163	598424	word	phrase		
599.21	0.0	162	599210	word	affirm		
600.229	0.0	166	600229	probe	probe_lay	no	1
601.416	0.0	163	601416	word	valid		
602.102	0.0	162	602102	word	tribe		
602.888	0.0	162	602888	word	quilt		
603.523	0.0	162	603523	word	diploma		
604.392	0.0	162	604392	word	scrape		
605.245	0.0	162	605245	word	banquet		
605.98	0.0	162	605980	word	exempt		
606.916	0.0	162	606916	word	exert		
607.669	0.0	162	607669	word	parasol		
608.504	0.0	167	608504	probe	probe_shade	yes	1
609.741	0.0	163	609741	word	vegetable		
610.527	0.0	162	610527	word	squash		
611.413	0.0	162	611413	word	simmer		
612.266	0.0	162	612266	word	seminar		
613.068	0.0	162	613068	word	casual		
613.82	0.0	162	613820	word	twig		
614.439	0.0	162	614439	word	prophet		
615.141	0.0	162	615141	word	defer		
615.877	0.0	162	615877	word	assume		
616.779	0.0	162	616779	word	screw		
617.582	0.0	162	617582	word	example		
618.418	0.0	162	618418	word	cough		
619.086	0.0	162	619086	word	hog		
619.755	0.0	162	619755	word	interfere		
620.641	0.0	162	620641	word	custom		
621.427	0.0	162	621427	word	broke		
621.995	0.0	162	621995	word	obtain		
622.781	0.0	162	622781	word	dozen		
623.533	0.0	162	623533	word	bother		
624.185	0.0	162	624185	word	tissue		
624.904	0.0	166	624904	probe	probe_cuss	no	1
626.592	0.0	163	626592	word	plunge		
627.328	0.0	162	627328	word	tent		
627.946	0.0	162	627946	word	bless		
628.715	0.0	162	628715	word	circa		
629.417	0.0	162	629417	word	stalk		
630.236	0.0	166	630236	probe	probe_affect	no	1
631.591	0.0	163	631591	word	empty		
632.326	0.0	162	632326	word	accelerate		
633.312	0.0	162	633312	word	basket		
634.315	0.0	162	634315	word	suspect		
635.218	0.0	162	635218	word	flank		
636.037	0.0	162	636037	word	jest		
636.79	0.0	162	636790	word	ovation		
637.558	0.0	162	637558	word	odd		
638.194	0.0	162	638194	word	character		
638.913	0.0	162	638913	word	moist		
639.681	0.0	167	639681	probe	probe_damp	yes	2
640.785	0.0	163	640785	word	blight		
641.42	0.0	162	641420	word	stutter		
642.223	0.0	162	642223	word	scan		
643.042	0.0	167	643042	probe	probe_read	yes	2
644.245	0.0	163	644245	word	solid		
645.048	0.0	162	645048	word	caricature		
646.001	0.0	162	646001	word	slim		
646.853	0.0	162	646853	word	breach		
647.555	0.0	162	647555	word	hold		
648.274	0.0	162	648274	word	razor		
649.076	0.0	162	649076	word	affinity		
649.946	0.0	162	649946	word	proud		
650.614	0.0	162	650614	word	ripe		
651.216	0.0	162	651216	word	smack		
652.019	0.0	162	652019	word	weep		
652.604	0.0	162	652604	word	vein		
653.373	0.0	167	653373	probe	probe_blood	yes	1
654.643	0.0	163	654643	word	consume		
655.63	0.0	162	655630	word	site		
656.332	0.0	162	656332	word	capacity		
657.184	0.0	162	657184	word	absurd		
658.12	0.0	162	658120	word	chagrin		
658.939	0.0	162	658939	word	slush		
659.792	0.0	162	659792	word	glimmer		
660.544	0.0	162	660544	word	gouge		
661.297	0.0	162	661297	word	gram		
662.032	0.0	162	662032	word	lid		
662.801	0.0	166	662801	probe	probe_tartar	no	1
663.971	0.0	163	663971	word	culinary		
664.874	0.0	162	664874	word	sleeve		
665.827	0.0	162	665827	word	bundle		
666.512	0.0	162	666512	word	rove		
667.298	0.0	162	667298	word	reap		
668.033	0.0	162	668033	word	horrid		
668.786	0.0	162	668786	word	meager		
669.505	0.0	162	669505	word	piece		
670.223	0.0	162	670223	word	shawl		
671.043	0.0	162	671043	word	trick		
671.644	0.0	167	671644	probe	probe_joke	yes	1
672.848	0.0	163	672848	word	precious		
673.667	0.0	162	673667	word	ugly		
674.352	0.0	162	674352	word	laser		
675.121	0.0	162	675121	word	awkward		
675.89	0.0	162	675890	word	shabby		
676.71	0.0	162	676710	word	taut		
677.211	0.0	162	677211	word	fluid		
677.913	0.0	162	677913	word	gist		
678.599	0.0	162	678599	word	lose		
679.384	0.0	162	679384	word	parakeet		
680.371	0.0	162	680371	word	venue		
681.14	0.0	162	681140	word	straddle		
682.009	0.0	162	682009	word	alumni		
682.861	0.0	166	682861	probe	probe_quota	no	1
683.881	0.0	163	683881	word	sparse		
684.684	0.0	162	684684	word	villain		
685.436	0.0	162	685436	word	vain		
686.104	0.0	162	686104	word	quaint		
686.84	0.0	162	686840	word	claim		
687.542	0.0	162	687542	word	spin		
688.294	0.0	162	688294	word	wad		
688.913	0.0	162	688913	word	sliver		
689.832	0.0	162	689832	word	soy		
690.635	0.0	162	690635	word	consist		
691.571	0.0	166	691571	probe	probe_slate	no	1
692.624	0.0	163	692624	word	trait		
693.259	0.0	162	693259	word	map		
693.945	0.0	162	693945	word	arrange		
694.881	0.0	162	694881	word	license		
695.717	0.0	162	695717	word	hemp		
696.419	0.0	162	696419	word	piston		
697.104	0.0	162	697104	word	mat		
697.756	0.0	162	697756	word	turbine		
698.592	0.0	162	698592	word	canoe		
699.244	0.0	162	699244	word	thrive		
699.963	0.0	162	699963	word	minimum		
700.715	0.0	162	700715	word	reef		
701.401	0.0	162	701401	word	smuggle		
702.303	0.0	167	702303	probe	probe_import	yes	2
703.457	0.0	163	703457	word	riot		
704.176	0.0	162	704176	word	eternal		
704.944	0.0	162	704944	word	sprinkle		
705.864	0.0	162	705864	word	pristine		
706.817	0.0	162	706817	word	charm		
707.536	0.0	162	707536	word	picket		
708.288	0.0	162	708288	word	moat		
709.124	0.0	162	709124	word	linoleum		
709.993	0.0	166	709993	probe	probe_figure	no	1
711.598	0.0	163	711598	word	cartoon		
712.45	0.0	162	712450	word	feat		
713.086	0.0	162	713086	word	entertain		
714.039	0.0	162	714039	word	imperial		
714.925	0.0	162	714925	word	sulk		
715.794	0.0	162	715794	word	stellar		
716.663	0.0	167	716663	probe	probe_star	yes	2
717.934	0.0	163	717934	word	grit		
718.636	0.0	162	718636	word	aisle		
719.321	0.0	162	719321	word	laugh		
720.123	0.0	162	720123	word	throttle		
720.943	0.0	162	720943	word	stale		
721.611	0.0	162	721611	word	exuberant		
722.547	0.0	162	722547	word	wet		
723.099	0.0	162	723099	word	annoy		
723.801	0.0	162	723801	word	genuine		
724.52	0.0	162	724520	word	shame		
725.322	0.0	162	725322	word	shroud		
726.175	0.0	162	726175	word	group		
726.911	0.0	162	726911	word	how		
727.596	0.0	162	727596	word	gift		
728.482	0.0	162	728482	word	enamel		
729.234	0.0	162	729234	word	perform		
730.07	0.0	162	730070	word	calorie		
730.939	0.0	162	730939	word	casket		
731.792	0.0	162	731792	word	wreath		
732.427	0.0	162	732427	word	pie		
733.096	0.0	166	733096	probe	probe_petition	no	1
734.065	0.0	163	734065	word	ease		
734.801	0.0	162	734801	word	pungent		
735.52	0.0	162	735520	word	avalanche		
736.473	0.0	162	736473	word	sit		
737.208	0.0	162	737208	word	diagram		
738.094	0.0	167	738094	probe	probe_explain	yes	2
740.217	0.0	163	740217	word	lab		
740.986	0.0	167	740986	probe	probe_science	yes	2
742.156	0.0	163	742156	word	loyal		
742.792	0.0	162	742792	word	destroy		
743.678	0.0	162	743678	word	bump		
744.263	0.0	162	744263	word	rodent		
744.982	0.0	162	744982	word	pamphlet		
745.684	0.0	162	745684	word	problem		
746.403	0.0	162	746403	word	igloo		
747.188	0.0	162	747188	word	fare		
747.807	0.0	162	747807	word	smash		
748.676	0.0	162	748676	word	supplement		
749.646	0.0	162	749646	word	antique		
750.364	0.0	162	750364	word	spare		
751.133	0.0	162	751133	word	erase		
752.07	0.0	162	752070	word	hurricane		
752.889	0.0	162	752889	word	agitate		
753.674	0.0	162	753674	word	annual		
754.443	0.0	166	754443	probe	probe_slump	no	1
755.614	0.0	163	755614	word	scrawny		
756.366	0.0	162	756366	word	halibut		
757.018	0.0	162	757018	word	reflex		
757.954	0.0	162	757954	word	blizzard		
758.84	0.0	162	758840	word	geese		
759.542	0.0	162	759542	word	dab		
760.227	0.0	162	760227	word	lapse		
761.013	0.0	162	761013	word	pencil		
761.715	0.0	162	761715	word	lit		
762.317	0.0	162	762317	word	did		
762.902	0.0	162	762902	word	steal		
763.671	0.0	162	763671	word	nine		
764.357	0.0	162	764357	word	collapse		
765.293	0.0	166	765293	probe	probe_cheap	no	1
766.396	0.0	163	766396	word	affair		
767.098	0.0	166	767098	probe	probe_muzzle	no	1
768.82	0.0	163	768820	word	ornery		
769.489	0.0	162	769489	word	pistol		
770.341	0.0	162	770341	word	roost		
771.11	0.0	162	771110	word	ink		
771.745	0.0	162	771745	word	polymer		
772.531	0.0	162	772531	word	ounce		
773.267	0.0	167	773267	probe	probe_pound	yes	2
774.938	0.0	163	774938	word	platter		
775.724	0.0	162	775724	word	tenuous		
776.61	0.0	162	776610	word	hoarse		
777.362	0.0	167	777362	probe	probe_cry	yes	1
778.566	0.0	163	778566	word	leap		
779.201	0.0	162	779201	word	actual		
780.087	0.0	162	780087	word	cater		
780.756	0.0	162	780756	word	curse		
781.558	0.0	162	781558	word	late		
782.16	0.0	162	782160	word	gimmick		
782.912	0.0	162	782912	word	are		
783.564	0.0	162	783564	word	element		
784.333	0.0	166	784333	probe	probe_product	no	1
785.37	0.0	163	785370	word	decent		
786.206	0.0	162	786206	word	similar		
786.958	0.0	162	786958	word	sculpt		
787.76	0.0	162	787760	word	race		
788.512	0.0	162	788512	word	shake		
789.214	0.0	167	789214	probe	probe_tremble	yes	2
790.167	0.0	163	790167	word	apathy		
791.02	0.0	162	791020	word	vertical		
791.772	0.0	162	791772	word	rival		
792.541	0.0	162	792541	word	include		
793.477	0.0	162	793477	word	toffee		
794.213	0.0	162	794213	word	shove		
794.999	0.0	162	794999	word	pretend		
795.935	0.0	162	795935	word	image		
796.62	0.0	162	796620	word	dolt		
797.255	0.0	162	797255	word	smear		
798.024	0.0	162	798024	word	evolve		
798.86	0.0	162	798860	word	purge		
799.596	0.0	162	799596	word	study		
800.432	0.0	162	800432	word	brow		
801.033	0.0	162	801033	word	citadel		
802.036	0.0	162	802036	word	enzyme		
803.039	0.0	167	803039	probe	probe_protein	yes	2
804.143	0.0	163	804143	word	soliloquy		
805.163	0.0	162	805163	word	algorithm		
805.998	0.0	162	805998	word	starve		
806.851	0.0	162	806851	word	lark		
807.486	0.0	166	807486	probe	probe_podium	no	1
808.723	0.0	163	808723	word	slender		
809.492	0.0	162	809492	word	break		
810.077	0.0	162	810077	word	digress		
810.963	0.0	162	810963	word	verdict		
811.749	0.0	162	811749	word	traipse		
812.451	0.0	162	812451	word	loud		
813.187	0.0	162	813187	word	daughter		
813.822	0.0	162	813822	word	born		
814.557	0.0	162	814557	word	distant		
815.326	0.0	162	815326	word	wand		
815.995	0.0	162	815995	word	persist		
816.898	0.0	162	816898	word	jacket		
817.617	0.0	162	817617	word	bake		
818.319	0.0	162	818319	word	pretty		
818.904	0.0	167	818904	probe	probe_delicate	yes	1
819.89	0.0	163	819890	word	blip		
820.492	0.0	162	820492	word	plain		
821.144	0.0	162	821144	word	curd		
821.813	0.0	162	821813	word	bawl		
822.465	0.0	162	822465	word	resilient		
823.367	0.0	162	823367	word	catapult		
824.186	0.0	162	824186	word	petty		
824.738	0.0	162	824738	word	scuffle		
825.54	0.0	166	825540	probe	probe_brake	no	1
826.895	0.0	163	826895	word	congratulate		
827.898	0.0	162	827898	word	swamp		
828.75	0.0	162	828750	word	chimney		
829.469	0.0	162	829469	word	muster		
830.288	0.0	162	830288	word	ton		
830.907	0.0	166	830907	probe	probe_magnet	no	1
832.294	0.0	163	832294	word	mellow		
833.013	0.0	162	833013	word	gain		
833.698	0.0	162	833698	word	essence		
834.534	0.0	162	834534	word	gear		
835.303	0.0	162	835303	word	mammoth		
836.039	0.0	162	836039	word	inept		
836.774	0.0	162	836774	word	celebrate		
837.727	0.0	162	837727	word	illuminate		
838.58	0.0	162	838580	word	berserk		
839.299	0.0	162	839299	word	bent		
839.917	0.0	162	839917	word	caliber		
840.636	0.0	162	840636	word	feed		
841.371	0.0	162	841371	word	huge		
842.157	0.0	166	842157	probe	probe_check	no	1
843.06	0.0	163	843060	word	trance		
843.879	0.0	162	843879	word	shirt		
844.548	0.0	162	844548	word	launch		
845.283	0.0	162	845283	word	contrast		
846.286	0.0	162	846286	word	glimpse		
847.156	0.0	162	847156	word	cemetery		
848.192	0.0	162	848192	word	arbitrary		
849.045	0.0	162	849045	word	million		
849.73	0.0	162	849730	word	rag		
850.399	0.0	162	850399	word	nap		
851.067	0.0	162	851067	word	denounce		
851.886	0.0	162	851886	word	equal		
852.756	0.0	167	852756	probe	probe_peer	yes	1
853.709	0.0	163	853709	word	appreciate		
854.645	0.0	162	854645	word	whisper		
855.481	0.0	162	855481	word	reserve		
856.3	0.0	162	856300	word	sweat		
857.052	0.0	162	857052	word	cup		
857.52	0.0	162	857520	word	human		
858.356	0.0	162	858356	word	puzzle		
859.041	0.0	162	859041	word	mahogany		
859.877	0.0	162	859877	word	wreak		
860.496	0.0	166	860496	probe	probe_fugitive	no	1
861.766	0.0	163	861766	word	language		
862.552	0.0	162	862552	word	eloquent		
863.371	0.0	162	863371	word	pecan		
864.324	0.0	162	864324	word	nail		
864.976	0.0	162	864976	word	glitter		
865.678	0.0	162	865678	word	humility		
866.53	0.0	162	866530	word	shoddy		
867.333	0.0	162	867333	word	digest		
868.169	0.0	166	868169	probe	probe_truce	no	1
869.657	0.0	163	869657	word	drastic		
870.442	0.0	162	870442	word	store		
871.194	0.0	162	871194	word	cavalry		
872.064	0.0	167	872064	probe	probe_horse	yes	2
873.1	0.0	163	873100	word	alcohol		
873.903	0.0	162	873903	word	switch		
874.655	0.0	162	874655	word	produce		
875.457	0.0	162	875457	word	needle		
876.042	0.0	162	876042	word	diaphragm		
877.096	0.0	162	877096	word	tile		
877.798	0.0	162	877798	word	din		
878.399	0.0	166	878399	probe	probe_lame	no	2
879.72	0.0	163	879720	word	generous		
880.523	0.0	162	880523	word	fritter		
881.258	0.0	162	881258	word	twill		
881.96	0.0	162	881960	word	suspend		
882.946	0.0	162	882946	word	turquoise		
883.866	0.0	162	883866	word	rupture		
884.568	0.0	162	884568	word	grease		
885.27	0.0	162	885270	word	sweep		
886.022	0.0	162	886022	word	intricate		
886.775	0.0	167	886775	probe	probe_elaborate	yes	2
887.794	0.0	163	887794	word	democrat		
888.697	0.0	162	888697	word	three		
889.433	0.0	162	889433	word	jargon		
890.285	0.0	162	890285	word	tax		
891.021	0.0	162	891021	word	ground		
891.79	0.0	162	891790	word	devise		
892.776	0.0	162	892776	word	cab		
893.411	0.0	162	893411	word	weigh		
894.03	0.0	162	894030	word	tense		
894.715	0.0	162	894715	word	pioneer		
895.401	0.0	162	895401	word	platform		
896.32	0.0	162	896320	word	onion		
897.039	0.0	167	897039	probe	probe_flavor	yes	2
898.109	0.0	163	898109	word	offend		
898.911	0.0	162	898911	word	accent		
899.747	0.0	162	899747	word	screen		
900.717	0.0	162	900717	word	affiliate		
901.669	0.0	162	901669	word	focal		
902.388	0.0	162	902388	word	crusade		
903.358	0.0	162	903358	word	hit		
904.043	0.0	162	904043	word	evade		
904.779	0.0	162	904779	word	trot		
905.548	0.0	162	905548	word	culprit		
906.233	0.0	162	906233	word	commit		
907.002	0.0	162	907002	word	loose		
907.721	0.0	162	907721	word	portion		
908.457	0.0	162	908457	word	whisk		
909.058	0.0	162	909058	word	eradicate		
909.911	0.0	167	909911	probe	probe_kill	yes	2
910.83	0.0	163	910830	word	document		
911.716	0.0	162	911716	word	paltry		
912.686	0.0	162	912686	word	date		
913.338	0.0	162	913338	word	kernel		
914.057	0.0	162	914057	word	thigh		
914.826	0.0	162	914826	word	stake		
915.578	0.0	162	915578	word	trophy		
916.23	0.0	162	916230	word	catastrophe		
917.383	0.0	162	917383	word	panic		
918.069	0.0	162	918069	word	shuttle		
918.721	0.0	162	918721	word	tram		
919.456	0.0	162	919456	word	thyroid		
920.409	0.0	162	920409	word	fierce		
921.312	0.0	162	921312	word	twelve		
921.964	0.0	162	921964	word	ripple		
922.566	0.0	162	922566	word	indignant		
923.452	0.0	162	923452	word	distinct		
924.421	0.0	167	924421	probe	probe_discrete	yes	2
925.491	0.0	163	925491	word	paradigm		
926.427	0.0	162	926427	word	property		
927.213	0.0	162	927213	word	nun		
927.882	0.0	162	927882	word	excel		
928.634	0.0	162	928634	word	soak		
929.319	0.0	162	929319	word	lax		
930.105	0.0	162	930105	word	slug		
930.907	0.0	162	930907	word	manifest		
931.81	0.0	162	931810	word	clove		
932.579	0.0	162	932579	word	zest		
933.365	0.0	162	933365	word	sediment		
934.184	0.0	162	934184	word	shy		
